<certe_dump>
  <instance type=" alu_random_test "> 
     uvm_test_top 
  
     <instance type=" uvm_env "> 
        environment 
  
        <instance type=" uvm_agent "> 
           in_agent 
  
           <instance type=" alu_in_transaction_coverage "> 
              in_agent_coverage 
  
              <imp if_type = "uvm_analysis_imp" txn_type = "anonymous"> 
                 analysis_imp 
              </imp> 
           </instance> 
  
  
           <instance type=" alu_in_driver "> 
              in_agent_driver 
  
              <port if_type = "uvm_analysis_port" txn_type = "anonymous"> 
                 rsp_port 
                 <connection>  uvm_test_top.environment.in_agent.sequencer.rsp_export  </connection> 
              </port> 
  
              <port if_type = "uvm_seq_item_pull_port" txn_type = "anonymous"> 
                 seq_item_port 
                 <connection>  uvm_test_top.environment.in_agent.sequencer.seq_item_export  </connection> 
              </port> 
           </instance> 
  
  
           <instance type=" alu_in_monitor "> 
              in_agent_monitor 
  
              <port if_type = "uvm_analysis_port" txn_type = "anonymous"> 
                 monitored_ap 
                 <connection>  uvm_test_top.environment.in_agent.in_agent_coverage.analysis_imp  </connection> 
                 <connection>  uvm_test_top.environment.in_agent.monitored_ap  </connection> 
              </port> 
           </instance> 
  
  
           <port if_type = "uvm_analysis_port" txn_type = "anonymous"> 
              monitored_ap 
              <connection>  uvm_test_top.environment.predictor.analysis_imp  </connection> 
           </port> 
  
           <instance type=" uvm_sequencer "> 
              sequencer 
  
              <export if_type = "uvm_analysis_export" txn_type = "anonymous"> 
                 rsp_export 
                 <connection>  uvm_test_top.environment.in_agent.sequencer.sqr_rsp_analysis_fifo.analysis_export  </connection> 
              </export> 
  
              <imp if_type = "uvm_seq_item_pull_imp" txn_type = "anonymous"> 
                 seq_item_export 
              </imp> 
           </instance> 
  
        </instance> 
  
  
        <instance type=" uvm_agent "> 
           out_agent 
  
           <port if_type = "uvm_analysis_port" txn_type = "anonymous"> 
              monitored_ap 
              <connection>  uvm_test_top.environment.scoreboard.actual_analysis_export  </connection> 
           </port> 
  
           <instance type=" alu_out_transaction_coverage "> 
              out_agent_coverage 
  
              <imp if_type = "uvm_analysis_imp" txn_type = "anonymous"> 
                 analysis_imp 
              </imp> 
           </instance> 
  
  
           <instance type=" alu_out_driver "> 
              out_agent_driver 
  
              <port if_type = "uvm_analysis_port" txn_type = "anonymous"> 
                 rsp_port 
                 <connection>  uvm_test_top.environment.out_agent.sequencer.rsp_export  </connection> 
              </port> 
  
              <port if_type = "uvm_seq_item_pull_port" txn_type = "anonymous"> 
                 seq_item_port 
                 <connection>  uvm_test_top.environment.out_agent.sequencer.seq_item_export  </connection> 
              </port> 
           </instance> 
  
  
           <instance type=" alu_out_monitor "> 
              out_agent_monitor 
  
              <port if_type = "uvm_analysis_port" txn_type = "anonymous"> 
                 monitored_ap 
                 <connection>  uvm_test_top.environment.out_agent.monitored_ap  </connection> 
                 <connection>  uvm_test_top.environment.out_agent.out_agent_coverage.analysis_imp  </connection> 
              </port> 
           </instance> 
  
  
           <instance type=" uvm_sequencer "> 
              sequencer 
  
              <export if_type = "uvm_analysis_export" txn_type = "anonymous"> 
                 rsp_export 
                 <connection>  uvm_test_top.environment.out_agent.sequencer.sqr_rsp_analysis_fifo.analysis_export  </connection> 
              </export> 
  
              <imp if_type = "uvm_seq_item_pull_imp" txn_type = "anonymous"> 
                 seq_item_export 
              </imp> 
           </instance> 
  
        </instance> 
  
  
        <instance type=" uvm_component "> 
           predictor 
  
           <imp if_type = "uvm_analysis_imp" txn_type = "anonymous"> 
              analysis_imp 
           </imp> 
  
           <port if_type = "uvm_analysis_port" txn_type = "anonymous"> 
              transformed_result_ap 
              <connection>  uvm_test_top.environment.scoreboard.expected_analysis_export  </connection> 
           </port> 
        </instance> 
  
  
        <instance type=" uvm_scoreboard "> 
           scoreboard 
  
           <imp if_type = "uvm_analysis_imp_actual" txn_type = "anonymous"> 
              actual_analysis_export 
           </imp> 
  
           <imp if_type = "uvm_analysis_imp_expected" txn_type = "anonymous"> 
              expected_analysis_export 
           </imp> 
  
           <instance type=" uvm_tlm_analysis_fifo #(T) "> 
              expected_results_af 
  
              <imp if_type = "uvm_analysis_imp" txn_type = "anonymous"> 
                 analysis_export 
              </imp> 
  
              <port if_type = "uvm_analysis_port" txn_type = "anonymous"> 
                 get_ap 
              </port> 
  
              <imp if_type = "uvm_get_peek_imp" txn_type = "anonymous"> 
                 get_peek_export 
              </imp> 
  
              <port if_type = "uvm_analysis_port" txn_type = "anonymous"> 
                 put_ap 
              </port> 
  
              <imp if_type = "uvm_put_imp" txn_type = "anonymous"> 
                 put_export 
              </imp> 
           </instance> 
  
        </instance> 
  
     </instance> 
  
  </instance> 
  
  </certe_dump>