<?xml version="1.0" encoding="UTF-8" standalone="yes"?>
<?mso-application progid="Word.Document"?>
<w:wordDocument xmlns:w="http://schemas.microsoft.com/office/word/2003/wordml" xmlns:v="urn:schemas-microsoft-com:vml" xmlns:w10="urn:schemas-microsoft-com:office:word" xmlns:sl="http://schemas.microsoft.com/schemaLibrary/2003/core" xmlns:aml="http://schemas.microsoft.com/aml/2001/core" xmlns:wx="http://schemas.microsoft.com/office/word/2003/auxHint" xmlns:o="urn:schemas-microsoft-com:office:office" xmlns:dt="uuid:C2F41010-65B3-11d1-A29F-00AA00C14882" xmlns:wsp="http://schemas.microsoft.com/office/word/2003/wordml/sp2" w:macrosPresent="no" w:embeddedObjPresent="no" w:ocxPresent="no" xml:space="preserve"><w:ignoreElements w:val="http://schemas.microsoft.com/office/word/2003/wordml/sp2"/><o:DocumentProperties><o:Title>Core functionality1</o:Title><o:Author>Allan Crone Klinck</o:Author><o:LastAuthor>Allan Crone Klinck</o:LastAuthor><o:Revision>29</o:Revision><o:TotalTime>38</o:TotalTime><o:Created>2007-08-15T11:46:00Z</o:Created><o:LastSaved>2007-08-16T08:09:00Z</o:LastSaved><o:Pages>1</o:Pages><o:Words>460</o:Words><o:Characters>2626</o:Characters><o:Company>Mentor Graphics Corp.</o:Company><o:Lines>21</o:Lines><o:Paragraphs>6</o:Paragraphs><o:CharactersWithSpaces>3080</o:CharactersWithSpaces><o:Version>11.8134</o:Version></o:DocumentProperties><w:fonts><w:defaultFonts w:ascii="Times New Roman" w:fareast="Batang" w:h-ansi="Times New Roman" w:cs="Times New Roman"/><w:font w:name="Batang"><w:altName w:val="Arial Unicode MS"/><w:panose-1 w:val="02030600000101010101"/><w:charset w:val="81"/><w:family w:val="Auto"/><w:notTrueType/><w:pitch w:val="fixed"/><w:sig w:usb-0="00000001" w:usb-1="09060000" w:usb-2="00000010" w:usb-3="00000000" w:csb-0="00080000" w:csb-1="00000000"/></w:font><w:font w:name="@Batang"><w:panose-1 w:val="00000000000000000000"/><w:charset w:val="81"/><w:family w:val="Auto"/><w:notTrueType/><w:pitch w:val="fixed"/><w:sig w:usb-0="00000001" w:usb-1="09060000" w:usb-2="00000010" w:usb-3="00000000" w:csb-0="00080000" w:csb-1="00000000"/></w:font></w:fonts><w:lists><w:listDef w:listDefId="0"><w:lsid w:val="02122C1C"/><w:plt w:val="Multilevel"/><w:tmpl w:val="20B8A37C"/><w:lvl w:ilvl="0"><w:start w:val="3"/><w:pStyle w:val="Heading1"/><w:lvlText w:val="%1"/><w:lvlJc w:val="left"/><w:pPr><w:tabs><w:tab w:val="list" w:pos="432"/></w:tabs><w:ind w:left="432" w:hanging="432"/></w:pPr><w:rPr><w:rFonts w:hint="default"/></w:rPr></w:lvl><w:lvl w:ilvl="1"><w:start w:val="1"/><w:pStyle w:val="Heading2"/><w:lvlText w:val="%1.%2"/><w:lvlJc w:val="left"/><w:pPr><w:tabs><w:tab w:val="list" w:pos="576"/></w:tabs><w:ind w:left="576" w:hanging="576"/></w:pPr><w:rPr><w:rFonts w:hint="default"/></w:rPr></w:lvl><w:lvl w:ilvl="2"><w:start w:val="1"/><w:pStyle w:val="Heading3"/><w:lvlText w:val="%1.%2.%3"/><w:lvlJc w:val="left"/><w:pPr><w:tabs><w:tab w:val="list" w:pos="720"/></w:tabs><w:ind w:left="720" w:hanging="720"/></w:pPr><w:rPr><w:rFonts w:hint="default"/></w:rPr></w:lvl><w:lvl w:ilvl="3"><w:start w:val="1"/><w:pStyle w:val="Heading4"/><w:lvlText w:val="%1.%2.%3.%4"/><w:lvlJc w:val="left"/><w:pPr><w:tabs><w:tab w:val="list" w:pos="864"/></w:tabs><w:ind w:left="864" w:hanging="864"/></w:pPr><w:rPr><w:rFonts w:hint="default"/></w:rPr></w:lvl><w:lvl w:ilvl="4"><w:start w:val="1"/><w:pStyle w:val="Heading5"/><w:lvlText w:val="%1.%2.%3.%4.%5"/><w:lvlJc w:val="left"/><w:pPr><w:tabs><w:tab w:val="list" w:pos="1008"/></w:tabs><w:ind w:left="1008" w:hanging="1008"/></w:pPr><w:rPr><w:rFonts w:hint="default"/></w:rPr></w:lvl><w:lvl w:ilvl="5"><w:start w:val="1"/><w:pStyle w:val="Heading6"/><w:lvlText w:val="%1.%2.%3.%4.%5.%6"/><w:lvlJc w:val="left"/><w:pPr><w:tabs><w:tab w:val="list" w:pos="1152"/></w:tabs><w:ind w:left="1152" w:hanging="1152"/></w:pPr><w:rPr><w:rFonts w:hint="default"/></w:rPr></w:lvl><w:lvl w:ilvl="6"><w:start w:val="1"/><w:pStyle w:val="Heading7"/><w:lvlText w:val="%1.%2.%3.%4.%5.%6.%7"/><w:lvlJc w:val="left"/><w:pPr><w:tabs><w:tab w:val="list" w:pos="1296"/></w:tabs><w:ind w:left="1296" w:hanging="1296"/></w:pPr><w:rPr><w:rFonts w:hint="default"/></w:rPr></w:lvl><w:lvl w:ilvl="7"><w:start w:val="1"/><w:pStyle w:val="Heading8"/><w:lvlText w:val="%1.%2.%3.%4.%5.%6.%7.%8"/><w:lvlJc w:val="left"/><w:pPr><w:tabs><w:tab w:val="list" w:pos="1440"/></w:tabs><w:ind w:left="1440" w:hanging="1440"/></w:pPr><w:rPr><w:rFonts w:hint="default"/></w:rPr></w:lvl><w:lvl w:ilvl="8"><w:start w:val="1"/><w:pStyle w:val="Heading9"/><w:lvlText w:val="%1.%2.%3.%4.%5.%6.%7.%8.%9"/><w:lvlJc w:val="left"/><w:pPr><w:tabs><w:tab w:val="list" w:pos="1584"/></w:tabs><w:ind w:left="1584" w:hanging="1584"/></w:pPr><w:rPr><w:rFonts w:hint="default"/></w:rPr></w:lvl></w:listDef><w:listDef w:listDefId="1"><w:lsid w:val="1A54358B"/><w:plt w:val="Multilevel"/><w:tmpl w:val="7A1E7580"/><w:lvl w:ilvl="0"><w:start w:val="3"/><w:lvlText w:val="%1"/><w:lvlJc w:val="left"/><w:pPr><w:tabs><w:tab w:val="list" w:pos="432"/></w:tabs><w:ind w:left="432" w:hanging="432"/></w:pPr><w:rPr><w:rFonts w:hint="default"/></w:rPr></w:lvl><w:lvl w:ilvl="1"><w:start w:val="1"/><w:lvlText w:val="%1.%2"/><w:lvlJc w:val="left"/><w:pPr><w:tabs><w:tab w:val="list" w:pos="576"/></w:tabs><w:ind w:left="576" w:hanging="576"/></w:pPr><w:rPr><w:rFonts w:hint="default"/></w:rPr></w:lvl><w:lvl w:ilvl="2"><w:start w:val="1"/><w:lvlText w:val="%1.%2.%3"/><w:lvlJc w:val="left"/><w:pPr><w:tabs><w:tab w:val="list" w:pos="720"/></w:tabs><w:ind w:left="720" w:hanging="720"/></w:pPr><w:rPr><w:rFonts w:hint="default"/></w:rPr></w:lvl><w:lvl w:ilvl="3"><w:start w:val="1"/><w:lvlText w:val="%1.%2.%3.%4"/><w:lvlJc w:val="left"/><w:pPr><w:tabs><w:tab w:val="list" w:pos="864"/></w:tabs><w:ind w:left="864" w:hanging="864"/></w:pPr><w:rPr><w:rFonts w:hint="default"/></w:rPr></w:lvl><w:lvl w:ilvl="4"><w:start w:val="1"/><w:lvlText w:val="%1.%2.%3.%4.%5"/><w:lvlJc w:val="left"/><w:pPr><w:tabs><w:tab w:val="list" w:pos="1008"/></w:tabs><w:ind w:left="1008" w:hanging="1008"/></w:pPr><w:rPr><w:rFonts w:hint="default"/></w:rPr></w:lvl><w:lvl w:ilvl="5"><w:start w:val="1"/><w:lvlText w:val="%1.%2.%3.%4.%5.%6"/><w:lvlJc w:val="left"/><w:pPr><w:tabs><w:tab w:val="list" w:pos="1152"/></w:tabs><w:ind w:left="1152" w:hanging="1152"/></w:pPr><w:rPr><w:rFonts w:hint="default"/></w:rPr></w:lvl><w:lvl w:ilvl="6"><w:start w:val="1"/><w:lvlText w:val="%1.%2.%3.%4.%5.%6.%7"/><w:lvlJc w:val="left"/><w:pPr><w:tabs><w:tab w:val="list" w:pos="1296"/></w:tabs><w:ind w:left="1296" w:hanging="1296"/></w:pPr><w:rPr><w:rFonts w:hint="default"/></w:rPr></w:lvl><w:lvl w:ilvl="7"><w:start w:val="1"/><w:lvlText w:val="%1.%2.%3.%4.%5.%6.%7.%8"/><w:lvlJc w:val="left"/><w:pPr><w:tabs><w:tab w:val="list" w:pos="1440"/></w:tabs><w:ind w:left="1440" w:hanging="1440"/></w:pPr><w:rPr><w:rFonts w:hint="default"/></w:rPr></w:lvl><w:lvl w:ilvl="8"><w:start w:val="1"/><w:lvlText w:val="%1.%2.%3.%4.%5.%6.%7.%8.%9"/><w:lvlJc w:val="left"/><w:pPr><w:tabs><w:tab w:val="list" w:pos="1584"/></w:tabs><w:ind w:left="1584" w:hanging="1584"/></w:pPr><w:rPr><w:rFonts w:hint="default"/></w:rPr></w:lvl></w:listDef><w:listDef w:listDefId="2"><w:lsid w:val="28963DC5"/><w:plt w:val="Multilevel"/><w:tmpl w:val="04090025"/><w:lvl w:ilvl="0"><w:start w:val="1"/><w:lvlText w:val="%1"/><w:lvlJc w:val="left"/><w:pPr><w:tabs><w:tab w:val="list" w:pos="432"/></w:tabs><w:ind w:left="432" w:hanging="432"/></w:pPr></w:lvl><w:lvl w:ilvl="1"><w:start w:val="1"/><w:lvlText w:val="%1.%2"/><w:lvlJc w:val="left"/><w:pPr><w:tabs><w:tab w:val="list" w:pos="576"/></w:tabs><w:ind w:left="576" w:hanging="576"/></w:pPr></w:lvl><w:lvl w:ilvl="2"><w:start w:val="1"/><w:lvlText w:val="%1.%2.%3"/><w:lvlJc w:val="left"/><w:pPr><w:tabs><w:tab w:val="list" w:pos="720"/></w:tabs><w:ind w:left="720" w:hanging="720"/></w:pPr></w:lvl><w:lvl w:ilvl="3"><w:start w:val="1"/><w:lvlText w:val="%1.%2.%3.%4"/><w:lvlJc w:val="left"/><w:pPr><w:tabs><w:tab w:val="list" w:pos="864"/></w:tabs><w:ind w:left="864" w:hanging="864"/></w:pPr></w:lvl><w:lvl w:ilvl="4"><w:start w:val="1"/><w:lvlText w:val="%1.%2.%3.%4.%5"/><w:lvlJc w:val="left"/><w:pPr><w:tabs><w:tab w:val="list" w:pos="1008"/></w:tabs><w:ind w:left="1008" w:hanging="1008"/></w:pPr></w:lvl><w:lvl w:ilvl="5"><w:start w:val="1"/><w:lvlText w:val="%1.%2.%3.%4.%5.%6"/><w:lvlJc w:val="left"/><w:pPr><w:tabs><w:tab w:val="list" w:pos="1152"/></w:tabs><w:ind w:left="1152" w:hanging="1152"/></w:pPr></w:lvl><w:lvl w:ilvl="6"><w:start w:val="1"/><w:lvlText w:val="%1.%2.%3.%4.%5.%6.%7"/><w:lvlJc w:val="left"/><w:pPr><w:tabs><w:tab w:val="list" w:pos="1296"/></w:tabs><w:ind w:left="1296" w:hanging="1296"/></w:pPr></w:lvl><w:lvl w:ilvl="7"><w:start w:val="1"/><w:lvlText w:val="%1.%2.%3.%4.%5.%6.%7.%8"/><w:lvlJc w:val="left"/><w:pPr><w:tabs><w:tab w:val="list" w:pos="1440"/></w:tabs><w:ind w:left="1440" w:hanging="1440"/></w:pPr></w:lvl><w:lvl w:ilvl="8"><w:start w:val="1"/><w:lvlText w:val="%1.%2.%3.%4.%5.%6.%7.%8.%9"/><w:lvlJc w:val="left"/><w:pPr><w:tabs><w:tab w:val="list" w:pos="1584"/></w:tabs><w:ind w:left="1584" w:hanging="1584"/></w:pPr></w:lvl></w:listDef><w:listDef w:listDefId="3"><w:lsid w:val="4320576B"/><w:plt w:val="Multilevel"/><w:tmpl w:val="C91E2788"/><w:lvl w:ilvl="0"><w:start w:val="1"/><w:lvlText w:val="%1."/><w:lvlJc w:val="left"/><w:pPr><w:tabs><w:tab w:val="list" w:pos="720"/></w:tabs><w:ind w:left="720" w:hanging="360"/></w:pPr></w:lvl><w:lvl w:ilvl="1"><w:start w:val="1"/><w:nfc w:val="4"/><w:lvlText w:val="%2."/><w:lvlJc w:val="left"/><w:pPr><w:tabs><w:tab w:val="list" w:pos="1440"/></w:tabs><w:ind w:left="1440" w:hanging="360"/></w:pPr></w:lvl><w:lvl w:ilvl="2"><w:start w:val="1"/><w:nfc w:val="2"/><w:lvlText w:val="%3."/><w:lvlJc w:val="right"/><w:pPr><w:tabs><w:tab w:val="list" w:pos="2160"/></w:tabs><w:ind w:left="2160" w:hanging="180"/></w:pPr></w:lvl><w:lvl w:ilvl="3"><w:start w:val="1"/><w:lvlText w:val="%4."/><w:lvlJc w:val="left"/><w:pPr><w:tabs><w:tab w:val="list" w:pos="2880"/></w:tabs><w:ind w:left="2880" w:hanging="360"/></w:pPr></w:lvl><w:lvl w:ilvl="4"><w:start w:val="1"/><w:nfc w:val="4"/><w:lvlText w:val="%5."/><w:lvlJc w:val="left"/><w:pPr><w:tabs><w:tab w:val="list" w:pos="3600"/></w:tabs><w:ind w:left="3600" w:hanging="360"/></w:pPr></w:lvl><w:lvl w:ilvl="5"><w:start w:val="1"/><w:nfc w:val="2"/><w:lvlText w:val="%6."/><w:lvlJc w:val="right"/><w:pPr><w:tabs><w:tab w:val="list" w:pos="4320"/></w:tabs><w:ind w:left="4320" w:hanging="180"/></w:pPr></w:lvl><w:lvl w:ilvl="6"><w:start w:val="1"/><w:lvlText w:val="%7."/><w:lvlJc w:val="left"/><w:pPr><w:tabs><w:tab w:val="list" w:pos="5040"/></w:tabs><w:ind w:left="5040" w:hanging="360"/></w:pPr></w:lvl><w:lvl w:ilvl="7"><w:start w:val="1"/><w:nfc w:val="4"/><w:lvlText w:val="%8."/><w:lvlJc w:val="left"/><w:pPr><w:tabs><w:tab w:val="list" w:pos="5760"/></w:tabs><w:ind w:left="5760" w:hanging="360"/></w:pPr></w:lvl><w:lvl w:ilvl="8"><w:start w:val="1"/><w:nfc w:val="2"/><w:lvlText w:val="%9."/><w:lvlJc w:val="right"/><w:pPr><w:tabs><w:tab w:val="list" w:pos="6480"/></w:tabs><w:ind w:left="6480" w:hanging="180"/></w:pPr></w:lvl></w:listDef><w:list w:ilfo="1"><w:ilst w:val="0"/></w:list><w:list w:ilfo="2"><w:ilst w:val="3"/></w:list><w:list w:ilfo="3"><w:ilst w:val="2"/></w:list><w:list w:ilfo="4"><w:ilst w:val="1"/></w:list><w:list w:ilfo="5"><w:ilst w:val="0"/><w:lvlOverride w:ilvl="0"><w:startOverride w:val="3"/></w:lvlOverride><w:lvlOverride w:ilvl="1"><w:startOverride w:val="2"/></w:lvlOverride><w:lvlOverride w:ilvl="2"><w:startOverride w:val="1"/></w:lvlOverride><w:lvlOverride w:ilvl="3"><w:startOverride w:val="1"/></w:lvlOverride><w:lvlOverride w:ilvl="4"><w:startOverride w:val="1"/></w:lvlOverride><w:lvlOverride w:ilvl="5"><w:startOverride w:val="1"/></w:lvlOverride><w:lvlOverride w:ilvl="6"><w:startOverride w:val="1"/></w:lvlOverride><w:lvlOverride w:ilvl="7"><w:startOverride w:val="1"/></w:lvlOverride><w:lvlOverride w:ilvl="8"><w:startOverride w:val="1"/></w:lvlOverride></w:list></w:lists><w:styles><w:versionOfBuiltInStylenames w:val="4"/><w:latentStyles w:defLockedState="off" w:latentStyleCount="156"/><w:style w:type="paragraph" w:default="on" w:styleId="Normal"><w:name w:val="Normal"/><w:rsid w:val="002761DD"/><w:rPr><wx:font wx:val="Times New Roman"/><w:sz w:val="24"/><w:sz-cs w:val="24"/><w:lang w:val="EN-US" w:fareast="KO" w:bidi="AR-SA"/></w:rPr></w:style><w:style w:type="paragraph" w:styleId="Heading1"><w:name w:val="heading 1"/><wx:uiName wx:val="Heading 1"/><w:basedOn w:val="Normal"/><w:next w:val="Normal"/><w:rsid w:val="00E71CDA"/><w:pPr><w:pStyle w:val="Heading1"/><w:keepNext/><w:listPr><w:ilfo w:val="1"/></w:listPr><w:spacing w:before="240" w:after="60"/><w:outlineLvl w:val="0"/></w:pPr><w:rPr><w:rFonts w:ascii="Arial" w:h-ansi="Arial"/><wx:font wx:val="Arial"/><w:b/><w:b-cs/><w:kern w:val="32"/><w:sz w:val="32"/><w:sz-cs w:val="32"/></w:rPr></w:style><w:style w:type="paragraph" w:styleId="Heading2"><w:name w:val="heading 2"/><wx:uiName wx:val="Heading 2"/><w:basedOn w:val="Normal"/><w:next w:val="Normal"/><w:rsid w:val="00E71CDA"/><w:pPr><w:pStyle w:val="Heading2"/><w:keepNext/><w:listPr><w:ilvl w:val="1"/><w:ilfo w:val="1"/></w:listPr><w:spacing w:before="240" w:after="60"/><w:outlineLvl w:val="1"/></w:pPr><w:rPr><w:rFonts w:ascii="Arial" w:h-ansi="Arial"/><wx:font wx:val="Arial"/><w:b/><w:b-cs/><w:i/><w:i-cs/><w:sz w:val="28"/><w:sz-cs w:val="28"/></w:rPr></w:style><w:style w:type="paragraph" w:styleId="Heading3"><w:name w:val="heading 3"/><wx:uiName wx:val="Heading 3"/><w:basedOn w:val="Normal"/><w:next w:val="Normal"/><w:rsid w:val="00E71CDA"/><w:pPr><w:pStyle w:val="Heading3"/><w:keepNext/><w:listPr><w:ilvl w:val="2"/><w:ilfo w:val="1"/></w:listPr><w:spacing w:before="240" w:after="60"/><w:outlineLvl w:val="2"/></w:pPr><w:rPr><w:rFonts w:ascii="Arial" w:h-ansi="Arial"/><wx:font wx:val="Arial"/><w:b/><w:b-cs/><w:sz w:val="26"/><w:sz-cs w:val="26"/></w:rPr></w:style><w:style w:type="paragraph" w:styleId="Heading4"><w:name w:val="heading 4"/><wx:uiName wx:val="Heading 4"/><w:basedOn w:val="Normal"/><w:next w:val="Normal"/><w:rsid w:val="00E71CDA"/><w:pPr><w:pStyle w:val="Heading4"/><w:keepNext/><w:listPr><w:ilvl w:val="3"/><w:ilfo w:val="1"/></w:listPr><w:spacing w:before="240" w:after="60"/><w:outlineLvl w:val="3"/></w:pPr><w:rPr><wx:font wx:val="Times New Roman"/><w:b/><w:b-cs/><w:sz w:val="28"/><w:sz-cs w:val="28"/></w:rPr></w:style><w:style w:type="paragraph" w:styleId="Heading5"><w:name w:val="heading 5"/><wx:uiName wx:val="Heading 5"/><w:basedOn w:val="Normal"/><w:next w:val="Normal"/><w:rsid w:val="00E71CDA"/><w:pPr><w:pStyle w:val="Heading5"/><w:listPr><w:ilvl w:val="4"/><w:ilfo w:val="1"/></w:listPr><w:spacing w:before="240" w:after="60"/><w:outlineLvl w:val="4"/></w:pPr><w:rPr><wx:font wx:val="Times New Roman"/><w:b/><w:b-cs/><w:i/><w:i-cs/><w:sz w:val="26"/><w:sz-cs w:val="26"/></w:rPr></w:style><w:style w:type="paragraph" w:styleId="Heading6"><w:name w:val="heading 6"/><wx:uiName wx:val="Heading 6"/><w:basedOn w:val="Normal"/><w:next w:val="Normal"/><w:rsid w:val="00E71CDA"/><w:pPr><w:pStyle w:val="Heading6"/><w:listPr><w:ilvl w:val="5"/><w:ilfo w:val="1"/></w:listPr><w:spacing w:before="240" w:after="60"/><w:outlineLvl w:val="5"/></w:pPr><w:rPr><wx:font wx:val="Times New Roman"/><w:b/><w:b-cs/><w:sz w:val="22"/><w:sz-cs w:val="22"/></w:rPr></w:style><w:style w:type="paragraph" w:styleId="Heading7"><w:name w:val="heading 7"/><wx:uiName wx:val="Heading 7"/><w:basedOn w:val="Normal"/><w:next w:val="Normal"/><w:rsid w:val="00E71CDA"/><w:pPr><w:pStyle w:val="Heading7"/><w:listPr><w:ilvl w:val="6"/><w:ilfo w:val="1"/></w:listPr><w:spacing w:before="240" w:after="60"/><w:outlineLvl w:val="6"/></w:pPr><w:rPr><wx:font wx:val="Times New Roman"/></w:rPr></w:style><w:style w:type="paragraph" w:styleId="Heading8"><w:name w:val="heading 8"/><wx:uiName wx:val="Heading 8"/><w:basedOn w:val="Normal"/><w:next w:val="Normal"/><w:rsid w:val="00E71CDA"/><w:pPr><w:pStyle w:val="Heading8"/><w:listPr><w:ilvl w:val="7"/><w:ilfo w:val="1"/></w:listPr><w:spacing w:before="240" w:after="60"/><w:outlineLvl w:val="7"/></w:pPr><w:rPr><wx:font wx:val="Times New Roman"/><w:i/><w:i-cs/></w:rPr></w:style><w:style w:type="paragraph" w:styleId="Heading9"><w:name w:val="heading 9"/><wx:uiName wx:val="Heading 9"/><w:basedOn w:val="Normal"/><w:next w:val="Normal"/><w:rsid w:val="00E71CDA"/><w:pPr><w:pStyle w:val="Heading9"/><w:listPr><w:ilvl w:val="8"/><w:ilfo w:val="1"/></w:listPr><w:spacing w:before="240" w:after="60"/><w:outlineLvl w:val="8"/></w:pPr><w:rPr><w:rFonts w:ascii="Arial" w:h-ansi="Arial"/><wx:font wx:val="Arial"/><w:sz w:val="22"/><w:sz-cs w:val="22"/></w:rPr></w:style><w:style w:type="character" w:default="on" w:styleId="DefaultParagraphFont"><w:name w:val="Default Paragraph Font"/><w:semiHidden/></w:style><w:style w:type="table" w:default="on" w:styleId="TableNormal"><w:name w:val="Normal Table"/><wx:uiName wx:val="Table Normal"/><w:semiHidden/><w:rPr><wx:font wx:val="Times New Roman"/></w:rPr><w:tblPr><w:tblInd w:w="0" w:type="dxa"/><w:tblCellMar><w:top w:w="0" w:type="dxa"/><w:left w:w="108" w:type="dxa"/><w:bottom w:w="0" w:type="dxa"/><w:right w:w="108" w:type="dxa"/></w:tblCellMar></w:tblPr></w:style><w:style w:type="list" w:default="on" w:styleId="NoList"><w:name w:val="No List"/><w:semiHidden/></w:style></w:styles><w:docPr><w:view w:val="normal"/><w:zoom w:percent="150"/><w:doNotEmbedSystemFonts/><w:proofState w:spelling="clean" w:grammar="clean"/><w:attachedTemplate w:val=""/><w:defaultTabStop w:val="720"/><w:punctuationKerning/><w:characterSpacingControl w:val="DontCompress"/><w:optimizeForBrowser/><w:validateAgainstSchema/><w:saveInvalidXML w:val="off"/><w:ignoreMixedContent w:val="off"/><w:alwaysShowPlaceholderText w:val="off"/><w:compat><w:breakWrappedTables/><w:snapToGridInCell/><w:wrapTextWithPunct/><w:useAsianBreakRules/><w:dontGrowAutofit/><w:useFELayout/></w:compat><wsp:rsids><wsp:rsidRoot wsp:val="00333DD3"/><wsp:rsid wsp:val="0000128C"/><wsp:rsid wsp:val="0001070A"/><wsp:rsid wsp:val="00010ECB"/><wsp:rsid wsp:val="00016225"/><wsp:rsid wsp:val="000162CD"/><wsp:rsid wsp:val="00017CD7"/><wsp:rsid wsp:val="000270F9"/><wsp:rsid wsp:val="0002760B"/><wsp:rsid wsp:val="0002795D"/><wsp:rsid wsp:val="00033CDC"/><wsp:rsid wsp:val="00040971"/><wsp:rsid wsp:val="00051F86"/><wsp:rsid wsp:val="00054C0A"/><wsp:rsid wsp:val="00071495"/><wsp:rsid wsp:val="00071607"/><wsp:rsid wsp:val="00073BAE"/><wsp:rsid wsp:val="00074A2B"/><wsp:rsid wsp:val="00077E7E"/><wsp:rsid wsp:val="00080387"/><wsp:rsid wsp:val="00081166"/><wsp:rsid wsp:val="00081F01"/><wsp:rsid wsp:val="00092746"/><wsp:rsid wsp:val="00097291"/><wsp:rsid wsp:val="000B1208"/><wsp:rsid wsp:val="000B2A0A"/><wsp:rsid wsp:val="000B2BA6"/><wsp:rsid wsp:val="000B6FDB"/><wsp:rsid wsp:val="000C3A98"/><wsp:rsid wsp:val="000C59FA"/><wsp:rsid wsp:val="000D1E80"/><wsp:rsid wsp:val="000D3173"/><wsp:rsid wsp:val="000D7BB6"/><wsp:rsid wsp:val="000E5153"/><wsp:rsid wsp:val="000F63D3"/><wsp:rsid wsp:val="00112666"/><wsp:rsid wsp:val="00122664"/><wsp:rsid wsp:val="00127B68"/><wsp:rsid wsp:val="00137138"/><wsp:rsid wsp:val="00147DED"/><wsp:rsid wsp:val="00152E18"/><wsp:rsid wsp:val="00155217"/><wsp:rsid wsp:val="001611C8"/><wsp:rsid wsp:val="00167918"/><wsp:rsid wsp:val="00174370"/><wsp:rsid wsp:val="001865CD"/><wsp:rsid wsp:val="001917C0"/><wsp:rsid wsp:val="00193781"/><wsp:rsid wsp:val="00193B45"/><wsp:rsid wsp:val="001947AD"/><wsp:rsid wsp:val="00195A76"/><wsp:rsid wsp:val="00196FE1"/><wsp:rsid wsp:val="001A081E"/><wsp:rsid wsp:val="001A4856"/><wsp:rsid wsp:val="001A4ACC"/><wsp:rsid wsp:val="001D0BE8"/><wsp:rsid wsp:val="001D2360"/><wsp:rsid wsp:val="001D5796"/><wsp:rsid wsp:val="001D6FAA"/><wsp:rsid wsp:val="001E04D0"/><wsp:rsid wsp:val="001E606E"/><wsp:rsid wsp:val="001F2759"/><wsp:rsid wsp:val="001F32B9"/><wsp:rsid wsp:val="00206391"/><wsp:rsid wsp:val="002104B5"/><wsp:rsid wsp:val="0021068F"/><wsp:rsid wsp:val="00214F29"/><wsp:rsid wsp:val="00220720"/><wsp:rsid wsp:val="00221B42"/><wsp:rsid wsp:val="002369EC"/><wsp:rsid wsp:val="002422B6"/><wsp:rsid wsp:val="00242568"/><wsp:rsid wsp:val="00244856"/><wsp:rsid wsp:val="00254AF5"/><wsp:rsid wsp:val="00254DCA"/><wsp:rsid wsp:val="00266621"/><wsp:rsid wsp:val="00266EBD"/><wsp:rsid wsp:val="00272D58"/><wsp:rsid wsp:val="00275DB2"/><wsp:rsid wsp:val="002761DD"/><wsp:rsid wsp:val="00284205"/><wsp:rsid wsp:val="00284403"/><wsp:rsid wsp:val="00286C8B"/><wsp:rsid wsp:val="002A3ADE"/><wsp:rsid wsp:val="002A3D87"/><wsp:rsid wsp:val="002B0C6E"/><wsp:rsid wsp:val="002B1520"/><wsp:rsid wsp:val="002B6251"/><wsp:rsid wsp:val="002B7B69"/><wsp:rsid wsp:val="002D32CD"/><wsp:rsid wsp:val="002D5CF8"/><wsp:rsid wsp:val="002E0FEF"/><wsp:rsid wsp:val="002E15A8"/><wsp:rsid wsp:val="002E2D4E"/><wsp:rsid wsp:val="002E53A1"/><wsp:rsid wsp:val="002F2F5A"/><wsp:rsid wsp:val="00302277"/><wsp:rsid wsp:val="00304BC6"/><wsp:rsid wsp:val="00306712"/><wsp:rsid wsp:val="00306B0B"/><wsp:rsid wsp:val="00316C28"/><wsp:rsid wsp:val="003202F7"/><wsp:rsid wsp:val="00322402"/><wsp:rsid wsp:val="00333DD3"/><wsp:rsid wsp:val="003436D1"/><wsp:rsid wsp:val="00345B9B"/><wsp:rsid wsp:val="00355DE4"/><wsp:rsid wsp:val="003560B5"/><wsp:rsid wsp:val="003749F8"/><wsp:rsid wsp:val="003763E4"/><wsp:rsid wsp:val="00382E3B"/><wsp:rsid wsp:val="003836EB"/><wsp:rsid wsp:val="003849E2"/><wsp:rsid wsp:val="00386369"/><wsp:rsid wsp:val="00387739"/><wsp:rsid wsp:val="00387A27"/><wsp:rsid wsp:val="0039529F"/><wsp:rsid wsp:val="003972F7"/><wsp:rsid wsp:val="003B0BE1"/><wsp:rsid wsp:val="003B4C43"/><wsp:rsid wsp:val="003B6905"/><wsp:rsid wsp:val="003C0B64"/><wsp:rsid wsp:val="003C1A7B"/><wsp:rsid wsp:val="003C309A"/><wsp:rsid wsp:val="003D78E7"/><wsp:rsid wsp:val="003E2906"/><wsp:rsid wsp:val="003E4DE8"/><wsp:rsid wsp:val="003E4EFB"/><wsp:rsid wsp:val="003E7ADF"/><wsp:rsid wsp:val="003F3E39"/><wsp:rsid wsp:val="003F50D7"/><wsp:rsid wsp:val="003F7BC1"/><wsp:rsid wsp:val="004042ED"/><wsp:rsid wsp:val="004103BC"/><wsp:rsid wsp:val="0041314D"/><wsp:rsid wsp:val="004137A1"/><wsp:rsid wsp:val="00415893"/><wsp:rsid wsp:val="00417857"/><wsp:rsid wsp:val="00420D05"/><wsp:rsid wsp:val="00424752"/><wsp:rsid wsp:val="004317DB"/><wsp:rsid wsp:val="00431F14"/><wsp:rsid wsp:val="0043410C"/><wsp:rsid wsp:val="0043428B"/><wsp:rsid wsp:val="00436AA5"/><wsp:rsid wsp:val="00436B03"/><wsp:rsid wsp:val="00442449"/><wsp:rsid wsp:val="00450EAA"/><wsp:rsid wsp:val="0045317A"/><wsp:rsid wsp:val="00456200"/><wsp:rsid wsp:val="0046130F"/><wsp:rsid wsp:val="004618A4"/><wsp:rsid wsp:val="00462125"/><wsp:rsid wsp:val="004659CE"/><wsp:rsid wsp:val="004706BA"/><wsp:rsid wsp:val="00470A4D"/><wsp:rsid wsp:val="00470ABC"/><wsp:rsid wsp:val="00477DFE"/><wsp:rsid wsp:val="004873ED"/><wsp:rsid wsp:val="004926F2"/><wsp:rsid wsp:val="0049284A"/><wsp:rsid wsp:val="0049605F"/><wsp:rsid wsp:val="00497E1E"/><wsp:rsid wsp:val="00497E71"/><wsp:rsid wsp:val="004A361C"/><wsp:rsid wsp:val="004A4B05"/><wsp:rsid wsp:val="004A52B6"/><wsp:rsid wsp:val="004A5FA3"/><wsp:rsid wsp:val="004B330A"/><wsp:rsid wsp:val="004B66A0"/><wsp:rsid wsp:val="004B6DCA"/><wsp:rsid wsp:val="004B731A"/><wsp:rsid wsp:val="004C3475"/><wsp:rsid wsp:val="004C3B8E"/><wsp:rsid wsp:val="004D3726"/><wsp:rsid wsp:val="004D5954"/><wsp:rsid wsp:val="004D69EE"/><wsp:rsid wsp:val="004E3052"/><wsp:rsid wsp:val="004E3F09"/><wsp:rsid wsp:val="004E4A28"/><wsp:rsid wsp:val="004F045A"/><wsp:rsid wsp:val="004F5D88"/><wsp:rsid wsp:val="004F610D"/><wsp:rsid wsp:val="004F6A74"/><wsp:rsid wsp:val="005030EF"/><wsp:rsid wsp:val="005056D8"/><wsp:rsid wsp:val="00515CA8"/><wsp:rsid wsp:val="00527044"/><wsp:rsid wsp:val="00533588"/><wsp:rsid wsp:val="005414F7"/><wsp:rsid wsp:val="00545181"/><wsp:rsid wsp:val="005521D4"/><wsp:rsid wsp:val="00556F78"/><wsp:rsid wsp:val="005571D6"/><wsp:rsid wsp:val="005761EF"/><wsp:rsid wsp:val="0058202B"/><wsp:rsid wsp:val="00586BFE"/><wsp:rsid wsp:val="00590B5D"/><wsp:rsid wsp:val="005970DE"/><wsp:rsid wsp:val="005A71DA"/><wsp:rsid wsp:val="005B3E57"/><wsp:rsid wsp:val="005C0683"/><wsp:rsid wsp:val="005C1C0A"/><wsp:rsid wsp:val="005C49A8"/><wsp:rsid wsp:val="005C69A1"/><wsp:rsid wsp:val="005C7C07"/><wsp:rsid wsp:val="005D1D8D"/><wsp:rsid wsp:val="005D283E"/><wsp:rsid wsp:val="005D7A7C"/><wsp:rsid wsp:val="005E406A"/><wsp:rsid wsp:val="005E77F5"/><wsp:rsid wsp:val="005F22C1"/><wsp:rsid wsp:val="005F5554"/><wsp:rsid wsp:val="005F61D7"/><wsp:rsid wsp:val="00603C69"/><wsp:rsid wsp:val="00612309"/><wsp:rsid wsp:val="00621003"/><wsp:rsid wsp:val="006210FE"/><wsp:rsid wsp:val="00635E06"/><wsp:rsid wsp:val="00642B93"/><wsp:rsid wsp:val="006463D4"/><wsp:rsid wsp:val="00651D50"/><wsp:rsid wsp:val="0065458E"/><wsp:rsid wsp:val="006604A3"/><wsp:rsid wsp:val="00660C23"/><wsp:rsid wsp:val="00662862"/><wsp:rsid wsp:val="00663AED"/><wsp:rsid wsp:val="006726F5"/><wsp:rsid wsp:val="00672EA7"/><wsp:rsid wsp:val="00673EB4"/><wsp:rsid wsp:val="006C1531"/><wsp:rsid wsp:val="006D0FDC"/><wsp:rsid wsp:val="006D3842"/><wsp:rsid wsp:val="006D4669"/><wsp:rsid wsp:val="006D6643"/><wsp:rsid wsp:val="006E1AC4"/><wsp:rsid wsp:val="006E2214"/><wsp:rsid wsp:val="0070238C"/><wsp:rsid wsp:val="00702DE5"/><wsp:rsid wsp:val="0071520E"/><wsp:rsid wsp:val="00715CEC"/><wsp:rsid wsp:val="0071773E"/><wsp:rsid wsp:val="00721709"/><wsp:rsid wsp:val="00722E3E"/><wsp:rsid wsp:val="00725EFC"/><wsp:rsid wsp:val="00732A2B"/><wsp:rsid wsp:val="007358A1"/><wsp:rsid wsp:val="007368E4"/><wsp:rsid wsp:val="00740E81"/><wsp:rsid wsp:val="00752C72"/><wsp:rsid wsp:val="007607A7"/><wsp:rsid wsp:val="00767D31"/><wsp:rsid wsp:val="007717FF"/><wsp:rsid wsp:val="007719E5"/><wsp:rsid wsp:val="00773B8A"/><wsp:rsid wsp:val="00774E7E"/><wsp:rsid wsp:val="00782FB2"/><wsp:rsid wsp:val="0079041B"/><wsp:rsid wsp:val="007B4312"/><wsp:rsid wsp:val="007C0666"/><wsp:rsid wsp:val="007C074C"/><wsp:rsid wsp:val="007C3657"/><wsp:rsid wsp:val="007C54AE"/><wsp:rsid wsp:val="007D01B3"/><wsp:rsid wsp:val="007D168B"/><wsp:rsid wsp:val="007D53E9"/><wsp:rsid wsp:val="007D5BFA"/><wsp:rsid wsp:val="007D6441"/><wsp:rsid wsp:val="007E01E2"/><wsp:rsid wsp:val="007E123C"/><wsp:rsid wsp:val="007E46BA"/><wsp:rsid wsp:val="007E5ADF"/><wsp:rsid wsp:val="007E684A"/><wsp:rsid wsp:val="007E74AE"/><wsp:rsid wsp:val="007F028F"/><wsp:rsid wsp:val="007F5455"/><wsp:rsid wsp:val="00805221"/><wsp:rsid wsp:val="008076C6"/><wsp:rsid wsp:val="008104CD"/><wsp:rsid wsp:val="00814310"/><wsp:rsid wsp:val="00822334"/><wsp:rsid wsp:val="00822A29"/><wsp:rsid wsp:val="00830B1A"/><wsp:rsid wsp:val="00835A30"/><wsp:rsid wsp:val="00850293"/><wsp:rsid wsp:val="008633F1"/><wsp:rsid wsp:val="00864C09"/><wsp:rsid wsp:val="00873AFD"/><wsp:rsid wsp:val="00873DA1"/><wsp:rsid wsp:val="00876002"/><wsp:rsid wsp:val="00877C45"/><wsp:rsid wsp:val="00881E92"/><wsp:rsid wsp:val="00885AD8"/><wsp:rsid wsp:val="00887081"/><wsp:rsid wsp:val="00896516"/><wsp:rsid wsp:val="008A0D83"/><wsp:rsid wsp:val="008A4A7C"/><wsp:rsid wsp:val="008B01CA"/><wsp:rsid wsp:val="008B2B99"/><wsp:rsid wsp:val="008B3584"/><wsp:rsid wsp:val="008B3BA1"/><wsp:rsid wsp:val="008B6ECD"/><wsp:rsid wsp:val="008C18AB"/><wsp:rsid wsp:val="008D507E"/><wsp:rsid wsp:val="008E00D7"/><wsp:rsid wsp:val="008F187D"/><wsp:rsid wsp:val="008F3BE0"/><wsp:rsid wsp:val="009006EF"/><wsp:rsid wsp:val="00901560"/><wsp:rsid wsp:val="0090299F"/><wsp:rsid wsp:val="00905408"/><wsp:rsid wsp:val="00914AF2"/><wsp:rsid wsp:val="00930B0F"/><wsp:rsid wsp:val="00940461"/><wsp:rsid wsp:val="00940CEB"/><wsp:rsid wsp:val="00955C0E"/><wsp:rsid wsp:val="00970853"/><wsp:rsid wsp:val="009729F8"/><wsp:rsid wsp:val="009756E4"/><wsp:rsid wsp:val="009829BA"/><wsp:rsid wsp:val="00983DFF"/><wsp:rsid wsp:val="009902E5"/><wsp:rsid wsp:val="00990C81"/><wsp:rsid wsp:val="0099110B"/><wsp:rsid wsp:val="00991923"/><wsp:rsid wsp:val="0099441B"/><wsp:rsid wsp:val="00994D6C"/><wsp:rsid wsp:val="009A1036"/><wsp:rsid wsp:val="009A3B67"/><wsp:rsid wsp:val="009A4BCB"/><wsp:rsid wsp:val="009A58EE"/><wsp:rsid wsp:val="009C7145"/><wsp:rsid wsp:val="009C73BF"/><wsp:rsid wsp:val="009D183E"/><wsp:rsid wsp:val="009D3945"/><wsp:rsid wsp:val="009D48DB"/><wsp:rsid wsp:val="009E4242"/><wsp:rsid wsp:val="009F7869"/><wsp:rsid wsp:val="00A03A72"/><wsp:rsid wsp:val="00A10E8A"/><wsp:rsid wsp:val="00A128CC"/><wsp:rsid wsp:val="00A12CBF"/><wsp:rsid wsp:val="00A15CDA"/><wsp:rsid wsp:val="00A212A5"/><wsp:rsid wsp:val="00A30763"/><wsp:rsid wsp:val="00A34B99"/><wsp:rsid wsp:val="00A379AA"/><wsp:rsid wsp:val="00A4518F"/><wsp:rsid wsp:val="00A46FAA"/><wsp:rsid wsp:val="00A47677"/><wsp:rsid wsp:val="00A604DC"/><wsp:rsid wsp:val="00A61EFB"/><wsp:rsid wsp:val="00A62071"/><wsp:rsid wsp:val="00A623E8"/><wsp:rsid wsp:val="00A67039"/><wsp:rsid wsp:val="00A6797C"/><wsp:rsid wsp:val="00A7105E"/><wsp:rsid wsp:val="00A71160"/><wsp:rsid wsp:val="00A7325F"/><wsp:rsid wsp:val="00A768DB"/><wsp:rsid wsp:val="00A807D8"/><wsp:rsid wsp:val="00A835A5"/><wsp:rsid wsp:val="00A8583D"/><wsp:rsid wsp:val="00A8593B"/><wsp:rsid wsp:val="00A86BA8"/><wsp:rsid wsp:val="00A94B3B"/><wsp:rsid wsp:val="00A95B31"/><wsp:rsid wsp:val="00AA113B"/><wsp:rsid wsp:val="00AA11D1"/><wsp:rsid wsp:val="00AA6B34"/><wsp:rsid wsp:val="00AA7BD1"/><wsp:rsid wsp:val="00AB12D3"/><wsp:rsid wsp:val="00AB240E"/><wsp:rsid wsp:val="00AC18CF"/><wsp:rsid wsp:val="00AC1C82"/><wsp:rsid wsp:val="00AC571C"/><wsp:rsid wsp:val="00AD7F35"/><wsp:rsid wsp:val="00AE08CB"/><wsp:rsid wsp:val="00AE544B"/><wsp:rsid wsp:val="00AF6F51"/><wsp:rsid wsp:val="00B04CB8"/><wsp:rsid wsp:val="00B07E84"/><wsp:rsid wsp:val="00B13921"/><wsp:rsid wsp:val="00B255D8"/><wsp:rsid wsp:val="00B31783"/><wsp:rsid wsp:val="00B35E4B"/><wsp:rsid wsp:val="00B426C1"/><wsp:rsid wsp:val="00B444C1"/><wsp:rsid wsp:val="00B46A76"/><wsp:rsid wsp:val="00B50F2C"/><wsp:rsid wsp:val="00B54DD5"/><wsp:rsid wsp:val="00B644B3"/><wsp:rsid wsp:val="00B705D8"/><wsp:rsid wsp:val="00B75253"/><wsp:rsid wsp:val="00B75447"/><wsp:rsid wsp:val="00B76B4D"/><wsp:rsid wsp:val="00B76E5B"/><wsp:rsid wsp:val="00B83258"/><wsp:rsid wsp:val="00B84573"/><wsp:rsid wsp:val="00B9392E"/><wsp:rsid wsp:val="00B95A7E"/><wsp:rsid wsp:val="00BB07CB"/><wsp:rsid wsp:val="00BB09A6"/><wsp:rsid wsp:val="00BB514D"/><wsp:rsid wsp:val="00BB6CEC"/><wsp:rsid wsp:val="00BB74CC"/><wsp:rsid wsp:val="00BC76EC"/><wsp:rsid wsp:val="00BD23CF"/><wsp:rsid wsp:val="00BD575F"/><wsp:rsid wsp:val="00BD678D"/><wsp:rsid wsp:val="00BE50B1"/><wsp:rsid wsp:val="00BE71A7"/><wsp:rsid wsp:val="00BE76A6"/><wsp:rsid wsp:val="00BF6DF1"/><wsp:rsid wsp:val="00BF70F9"/><wsp:rsid wsp:val="00C0002D"/><wsp:rsid wsp:val="00C06A9F"/><wsp:rsid wsp:val="00C26693"/><wsp:rsid wsp:val="00C30DF6"/><wsp:rsid wsp:val="00C31FC7"/><wsp:rsid wsp:val="00C323AB"/><wsp:rsid wsp:val="00C363C4"/><wsp:rsid wsp:val="00C37BB6"/><wsp:rsid wsp:val="00C43FC2"/><wsp:rsid wsp:val="00C46BB6"/><wsp:rsid wsp:val="00C475D8"/><wsp:rsid wsp:val="00C47A24"/><wsp:rsid wsp:val="00C5113A"/><wsp:rsid wsp:val="00C53825"/><wsp:rsid wsp:val="00C67FEF"/><wsp:rsid wsp:val="00C72F2C"/><wsp:rsid wsp:val="00C7447B"/><wsp:rsid wsp:val="00C768EF"/><wsp:rsid wsp:val="00C8076B"/><wsp:rsid wsp:val="00C81830"/><wsp:rsid wsp:val="00C81951"/><wsp:rsid wsp:val="00C8281E"/><wsp:rsid wsp:val="00C82D50"/><wsp:rsid wsp:val="00C85D6A"/><wsp:rsid wsp:val="00C94817"/><wsp:rsid wsp:val="00C971E0"/><wsp:rsid wsp:val="00CA57D5"/><wsp:rsid wsp:val="00CB64A9"/><wsp:rsid wsp:val="00CC091D"/><wsp:rsid wsp:val="00CC5BC2"/><wsp:rsid wsp:val="00CC7D35"/><wsp:rsid wsp:val="00CD1FFC"/><wsp:rsid wsp:val="00CD5AC4"/><wsp:rsid wsp:val="00CE2A72"/><wsp:rsid wsp:val="00CF1791"/><wsp:rsid wsp:val="00CF269E"/><wsp:rsid wsp:val="00D04FE5"/><wsp:rsid wsp:val="00D06E75"/><wsp:rsid wsp:val="00D150CF"/><wsp:rsid wsp:val="00D1656F"/><wsp:rsid wsp:val="00D16CB5"/><wsp:rsid wsp:val="00D170D5"/><wsp:rsid wsp:val="00D20FCF"/><wsp:rsid wsp:val="00D25997"/><wsp:rsid wsp:val="00D25B33"/><wsp:rsid wsp:val="00D31BDD"/><wsp:rsid wsp:val="00D458CF"/><wsp:rsid wsp:val="00D47758"/><wsp:rsid wsp:val="00D536F2"/><wsp:rsid wsp:val="00D6164B"/><wsp:rsid wsp:val="00D715A3"/><wsp:rsid wsp:val="00D721D5"/><wsp:rsid wsp:val="00D75BED"/><wsp:rsid wsp:val="00D779A0"/><wsp:rsid wsp:val="00D849EA"/><wsp:rsid wsp:val="00D86897"/><wsp:rsid wsp:val="00D90610"/><wsp:rsid wsp:val="00D9322F"/><wsp:rsid wsp:val="00D93E84"/><wsp:rsid wsp:val="00D95CAA"/><wsp:rsid wsp:val="00D97DD2"/><wsp:rsid wsp:val="00DA165F"/><wsp:rsid wsp:val="00DB58DB"/><wsp:rsid wsp:val="00DB6A12"/><wsp:rsid wsp:val="00DC5F96"/><wsp:rsid wsp:val="00DD1C0A"/><wsp:rsid wsp:val="00DD6B70"/><wsp:rsid wsp:val="00DD6BC9"/><wsp:rsid wsp:val="00DE5304"/><wsp:rsid wsp:val="00DE5E65"/><wsp:rsid wsp:val="00E00B39"/><wsp:rsid wsp:val="00E02F85"/><wsp:rsid wsp:val="00E0798B"/><wsp:rsid wsp:val="00E1262C"/><wsp:rsid wsp:val="00E13711"/><wsp:rsid wsp:val="00E15918"/><wsp:rsid wsp:val="00E2436D"/><wsp:rsid wsp:val="00E24CC9"/><wsp:rsid wsp:val="00E25724"/><wsp:rsid wsp:val="00E476A7"/><wsp:rsid wsp:val="00E50217"/><wsp:rsid wsp:val="00E502AD"/><wsp:rsid wsp:val="00E50C07"/><wsp:rsid wsp:val="00E54BE5"/><wsp:rsid wsp:val="00E617BF"/><wsp:rsid wsp:val="00E62E49"/><wsp:rsid wsp:val="00E7057A"/><wsp:rsid wsp:val="00E71CDA"/><wsp:rsid wsp:val="00E731D9"/><wsp:rsid wsp:val="00E85522"/><wsp:rsid wsp:val="00E87C82"/><wsp:rsid wsp:val="00EA1820"/><wsp:rsid wsp:val="00EA3007"/><wsp:rsid wsp:val="00EB0C1E"/><wsp:rsid wsp:val="00EB172E"/><wsp:rsid wsp:val="00EB2C99"/><wsp:rsid wsp:val="00EB4429"/><wsp:rsid wsp:val="00EC5349"/><wsp:rsid wsp:val="00EC5AB9"/><wsp:rsid wsp:val="00EC6135"/><wsp:rsid wsp:val="00ED5378"/><wsp:rsid wsp:val="00ED5889"/><wsp:rsid wsp:val="00ED5A79"/><wsp:rsid wsp:val="00F03C41"/><wsp:rsid wsp:val="00F174E8"/><wsp:rsid wsp:val="00F17B1D"/><wsp:rsid wsp:val="00F22C3E"/><wsp:rsid wsp:val="00F27139"/><wsp:rsid wsp:val="00F303A6"/><wsp:rsid wsp:val="00F34236"/><wsp:rsid wsp:val="00F35F3E"/><wsp:rsid wsp:val="00F36764"/><wsp:rsid wsp:val="00F41C1B"/><wsp:rsid wsp:val="00F45209"/><wsp:rsid wsp:val="00F52895"/><wsp:rsid wsp:val="00F533ED"/><wsp:rsid wsp:val="00F66549"/><wsp:rsid wsp:val="00F728D3"/><wsp:rsid wsp:val="00F75954"/><wsp:rsid wsp:val="00F770EE"/><wsp:rsid wsp:val="00F8195D"/><wsp:rsid wsp:val="00F83B3E"/><wsp:rsid wsp:val="00F943A7"/><wsp:rsid wsp:val="00F96DD0"/><wsp:rsid wsp:val="00FA67DC"/><wsp:rsid wsp:val="00FB3419"/><wsp:rsid wsp:val="00FC02E4"/><wsp:rsid wsp:val="00FC5988"/><wsp:rsid wsp:val="00FD17A9"/><wsp:rsid wsp:val="00FD2AAD"/><wsp:rsid wsp:val="00FE44AC"/><wsp:rsid wsp:val="00FE51D7"/><wsp:rsid wsp:val="00FF2A6D"/><wsp:rsid wsp:val="00FF6A22"/><wsp:rsid wsp:val="00FF6C6D"/></wsp:rsids></w:docPr><w:body><wx:sect><wx:sub-section><w:p wsp:rsidR="00333DD3" wsp:rsidRDefault="008F187D" wsp:rsidP="00051F86"><w:pPr><w:pStyle w:val="Heading1"/><w:listPr><wx:t wx:val="3" wx:wTabBefore="0" wx:wTabAfter="255"/><wx:font wx:val="Times New Roman"/></w:listPr></w:pPr><w:r><w:t>Core functionality</w:t></w:r></w:p><w:p wsp:rsidR="00333DD3" wsp:rsidRDefault="00333DD3" wsp:rsidP="00E71CDA"><w:r><w:t>Priority:</w:t></w:r><w:r wsp:rsidR="007F5455"><w:t> 1</w:t></w:r></w:p><w:p wsp:rsidR="00333DD3" wsp:rsidRDefault="00333DD3" wsp:rsidP="00333DD3"><w:r><w:t>Responsible:</w:t></w:r><w:r wsp:rsidR="007F5455"><w:t> </w:t></w:r><w:proofErr w:type="spellStart"/><w:r wsp:rsidR="00C47A24"><w:t>USelf</w:t></w:r><w:proofErr w:type="spellEnd"/></w:p><wx:sub-section><w:p wsp:rsidR="00333DD3" wsp:rsidRDefault="00333DD3" wsp:rsidP="00051F86"><w:pPr><w:pStyle w:val="Heading2"/><w:listPr><w:ilvl w:val="1"/><w:ilfo w:val="5"/><wx:t wx:val="3.2" wx:wTabBefore="0" wx:wTabAfter="165"/><wx:font wx:val="Times New Roman"/></w:listPr></w:pPr><w:r><w:t>Exception </w:t></w:r></w:p><w:p wsp:rsidR="00333DD3" wsp:rsidRDefault="00333DD3" wsp:rsidP="00E71CDA"><w:r><w:t>Priority:</w:t></w:r><w:r wsp:rsidR="007F5455"><w:t> 1</w:t></w:r></w:p><w:p wsp:rsidR="00333DD3" wsp:rsidRDefault="00333DD3" wsp:rsidP="00333DD3"><w:r><w:t>Responsible:</w:t></w:r><w:r wsp:rsidR="007F5455"><w:t> </w:t></w:r><w:proofErr w:type="spellStart"/><w:r wsp:rsidR="00C47A24"><w:t>USelf</w:t></w:r><w:proofErr w:type="spellEnd"/></w:p><wx:sub-section><w:p wsp:rsidR="00333DD3" wsp:rsidRDefault="00333DD3" wsp:rsidP="00051F86"><w:pPr><w:pStyle w:val="Heading3"/><w:listPr><wx:t wx:val="3.2.1" wx:wTabBefore="0" wx:wTabAfter="165"/><wx:font wx:val="Times New Roman"/></w:listPr></w:pPr><w:r><w:t>Exception Signals</w:t></w:r></w:p><w:p wsp:rsidR="00333DD3" wsp:rsidRDefault="00333DD3" wsp:rsidP="00E71CDA"><w:r><w:t>Description: Verify that all exceptions are operating</w:t></w:r></w:p><w:p wsp:rsidR="00333DD3" wsp:rsidRDefault="00333DD3" wsp:rsidP="00E71CDA"><w:r><w:t>Priority: 1</w:t></w:r></w:p><w:p wsp:rsidR="00333DD3" wsp:rsidRDefault="00333DD3" wsp:rsidP="00E71CDA"><w:r><w:t>Responsible: </w:t></w:r><w:proofErr w:type="spellStart"/><w:r><w:t>JoeR</w:t></w:r><w:proofErr w:type="spellEnd"/></w:p><w:proofErr w:type="spellStart"/><w:p wsp:rsidR="00333DD3" wsp:rsidRDefault="00C53825" wsp:rsidP="00E71CDA"><w:r><w:t>Response</w:t></w:r><w:r wsp:rsidR="00333DD3"><w:t>Checking</w:t></w:r><w:proofErr w:type="spellEnd"/><w:r wsp:rsidR="00333DD3"><w:t>: Reference model</w:t></w:r></w:p><w:p wsp:rsidR="00BD575F" wsp:rsidRDefault="00BD575F" wsp:rsidP="00E71CDA"/><w:p wsp:rsidR="00333DD3" wsp:rsidRDefault="00333DD3" wsp:rsidP="00E71CDA"><w:r><w:t>Link: </w:t></w:r><w:proofErr w:type="spellStart"/><w:r><w:t>fcoverage</w:t></w:r><w:proofErr w:type="gramStart"/><w:r><w:t>:exception</w:t></w:r><w:proofErr w:type="spellEnd"/><w:proofErr w:type="gramEnd"/></w:p><w:proofErr w:type="spellStart"/><w:p wsp:rsidR="00333DD3" wsp:rsidRDefault="00333DD3" wsp:rsidP="00333DD3"><w:r><w:t>Type</w:t></w:r><w:proofErr w:type="gramStart"/><w:r><w:t>:CoverPoint</w:t></w:r><w:proofErr w:type="spellEnd"/><w:proofErr w:type="gramEnd"/></w:p></wx:sub-section><wx:sub-section><w:p wsp:rsidR="00333DD3" wsp:rsidRDefault="00333DD3" wsp:rsidP="00051F86"><w:pPr><w:pStyle w:val="Heading3"/><w:listPr><wx:t wx:val="3.2.2" wx:wTabBefore="0" wx:wTabAfter="165"/><wx:font wx:val="Times New Roman"/></w:listPr></w:pPr><w:r><w:t>Invalid Operation </w:t></w:r></w:p><w:p wsp:rsidR="00333DD3" wsp:rsidRDefault="00333DD3" wsp:rsidP="00E71CDA"><w:r><w:t>Description: Verify that the </w:t></w:r><w:proofErr w:type="spellStart"/><w:r><w:t>SNaN</w:t></w:r><w:proofErr w:type="spellEnd"/><w:r><w:t> string can never be the result of any operation.</w:t></w:r></w:p><w:p wsp:rsidR="00333DD3" wsp:rsidRDefault="00333DD3" wsp:rsidP="00E71CDA"><w:r><w:t>Priority: 1</w:t></w:r></w:p><w:p wsp:rsidR="00333DD3" wsp:rsidRDefault="00333DD3" wsp:rsidP="00E71CDA"><w:r><w:t>Responsible: </w:t></w:r><w:proofErr w:type="spellStart"/><w:r><w:t>JoeR</w:t></w:r><w:proofErr w:type="spellEnd"/></w:p><w:proofErr w:type="spellStart"/><w:p wsp:rsidR="00BD575F" wsp:rsidRDefault="00C53825" wsp:rsidP="00E71CDA"><w:r><w:t>ResponseChecking</w:t></w:r><w:proofErr w:type="spellEnd"/><w:r wsp:rsidR="00333DD3"><w:t>: Reference model</w:t></w:r></w:p><w:p wsp:rsidR="00333DD3" wsp:rsidRDefault="00333DD3" wsp:rsidP="00E71CDA"><w:r><w:t>Link: </w:t></w:r><w:proofErr w:type="spellStart"/><w:r><w:t>fcoverage</w:t></w:r><w:proofErr w:type="gramStart"/><w:r><w:t>:nanXop</w:t></w:r><w:proofErr w:type="spellEnd"/><w:proofErr w:type="gramEnd"/><w:r wsp:rsidR="00221B42"><w:t>; </w:t></w:r><w:proofErr w:type="spellStart"/><w:r><w:t>fcoverage:add_subXinf</w:t></w:r><w:proofErr w:type="spellEnd"/><w:r wsp:rsidR="00221B42"><w:t>; </w:t></w:r><w:proofErr w:type="spellStart"/><w:r><w:t>fcoverage:mul_Xinf</w:t></w:r><w:proofErr w:type="spellEnd"/><w:r wsp:rsidR="00221B42"><w:t>;</w:t></w:r><w:r><w:t> </w:t></w:r><w:proofErr w:type="spellStart"/><w:r><w:t>fcoverage:divXinf_zero</w:t></w:r><w:proofErr w:type="spellEnd"/><w:r wsp:rsidR="00221B42"><w:t>;</w:t></w:r></w:p><w:p wsp:rsidR="00333DD3" wsp:rsidRDefault="00333DD3" wsp:rsidP="00333DD3"><w:r><w:t>Type: Cross</w:t></w:r></w:p></wx:sub-section><wx:sub-section><w:p wsp:rsidR="00333DD3" wsp:rsidRDefault="00333DD3" wsp:rsidP="00051F86"><w:pPr><w:pStyle w:val="Heading3"/><w:listPr><wx:t wx:val="3.2.3" wx:wTabBefore="0" wx:wTabAfter="165"/><wx:font wx:val="Times New Roman"/></w:listPr></w:pPr><w:r><w:t>NaN1</w:t></w:r></w:p><w:p wsp:rsidR="00333DD3" wsp:rsidRDefault="00333DD3" wsp:rsidP="00E71CDA"><w:r><w:t>Description: Verify that results of every invalid operation are a </w:t></w:r><w:proofErr w:type="spellStart"/><w:r><w:t>QNaN</w:t></w:r><w:proofErr w:type="spellEnd"/><w:r><w:t> string with a </w:t></w:r><w:proofErr w:type="spellStart"/><w:r><w:t>QNaN</w:t></w:r><w:proofErr w:type="spellEnd"/><w:r><w:t> or </w:t></w:r><w:proofErr w:type="spellStart"/><w:r><w:t>SNaN</w:t></w:r><w:proofErr w:type="spellEnd"/><w:r><w:t> exception</w:t></w:r></w:p><w:p wsp:rsidR="00333DD3" wsp:rsidRDefault="00333DD3" wsp:rsidP="00E71CDA"><w:r><w:t>Priority: 3</w:t></w:r></w:p><w:p wsp:rsidR="00333DD3" wsp:rsidRDefault="00333DD3" wsp:rsidP="00E71CDA"><w:r><w:t>Responsible: </w:t></w:r><w:proofErr w:type="spellStart"/><w:r><w:t>JoeR</w:t></w:r><w:proofErr w:type="spellEnd"/></w:p><w:proofErr w:type="spellStart"/><w:p wsp:rsidR="00333DD3" wsp:rsidRDefault="00C53825" wsp:rsidP="00E71CDA"><w:r><w:t>ResponseChecking</w:t></w:r><w:proofErr w:type="spellEnd"/><w:r wsp:rsidR="00333DD3"><w:t>: Reference model</w:t></w:r></w:p><w:p wsp:rsidR="00333DD3" wsp:rsidRDefault="00333DD3" wsp:rsidP="00E71CDA"><w:r><w:t>Link: </w:t></w:r><w:proofErr w:type="spellStart"/><w:r><w:t>fcoverage</w:t></w:r><w:proofErr w:type="gramStart"/><w:r><w:t>:nanXop</w:t></w:r><w:proofErr w:type="spellEnd"/><w:proofErr w:type="gramEnd"/></w:p><w:p wsp:rsidR="00333DD3" wsp:rsidRDefault="00333DD3" wsp:rsidP="00E71CDA"><w:r><w:t>Type: Cross</w:t></w:r></w:p></wx:sub-section><wx:sub-section><w:p wsp:rsidR="00333DD3" wsp:rsidRDefault="00333DD3" wsp:rsidP="00462125"><w:pPr><w:pStyle w:val="Heading3"/><w:listPr><wx:t wx:val="3.2.4" wx:wTabBefore="0" wx:wTabAfter="165"/><wx:font wx:val="Times New Roman"/></w:listPr></w:pPr><w:r><w:t>Division by Zero</w:t></w:r></w:p><w:p wsp:rsidR="00333DD3" wsp:rsidRDefault="00333DD3" wsp:rsidP="00E71CDA"><w:r><w:t>Description: Verify that division of any number by zero other than zero itself gives infinity as a result. And verify that a divide-by-zero exception is created.</w:t></w:r></w:p><w:p wsp:rsidR="00333DD3" wsp:rsidRDefault="00333DD3" wsp:rsidP="00E71CDA"><w:r><w:t>Priority: 1</w:t></w:r></w:p><w:p wsp:rsidR="00333DD3" wsp:rsidRDefault="00333DD3" wsp:rsidP="00E71CDA"><w:r><w:t>Responsible: </w:t></w:r><w:proofErr w:type="spellStart"/><w:r><w:t>JoeR</w:t></w:r><w:proofErr w:type="spellEnd"/></w:p><w:p wsp:rsidR="00333DD3" wsp:rsidRDefault="00333DD3" wsp:rsidP="00E71CDA"><w:r><w:t>Link: </w:t></w:r><w:proofErr w:type="spellStart"/><w:r><w:t>fcoverage</w:t></w:r><w:proofErr w:type="gramStart"/><w:r><w:t>:divXexc</w:t></w:r><w:proofErr w:type="spellEnd"/><w:proofErr w:type="gramEnd"/></w:p><w:p wsp:rsidR="00333DD3" wsp:rsidRDefault="00333DD3" wsp:rsidP="00E71CDA"><w:r><w:t>Type: Cross</w:t></w:r></w:p></wx:sub-section></wx:sub-section><wx:sub-section><w:p wsp:rsidR="00333DD3" wsp:rsidRDefault="00333DD3" wsp:rsidP="0058202B"><w:pPr><w:pStyle w:val="Heading2"/><w:listPr><wx:t wx:val="3.3" wx:wTabBefore="0" wx:wTabAfter="165"/><wx:font wx:val="Times New Roman"/></w:listPr></w:pPr><w:r><w:t>Rounding Modes</w:t></w:r></w:p><w:p wsp:rsidR="00B83258" wsp:rsidRDefault="00B83258" wsp:rsidP="00B83258"><w:r><w:t>Priority: 2</w:t></w:r></w:p><w:p wsp:rsidR="00B83258" wsp:rsidRDefault="00B83258" wsp:rsidP="00B83258"><w:r><w:t>Responsible: </w:t></w:r><w:proofErr w:type="spellStart"/><w:r><w:t>JohnL</w:t></w:r><w:proofErr w:type="spellEnd"/></w:p><wx:sub-section><w:p wsp:rsidR="00333DD3" wsp:rsidRDefault="00333DD3" wsp:rsidP="00462125"><w:pPr><w:pStyle w:val="Heading3"/><w:listPr><wx:t wx:val="3.3.1" wx:wTabBefore="0" wx:wTabAfter="165"/><wx:font wx:val="Times New Roman"/></w:listPr></w:pPr><w:r><w:t>Rounding bits</w:t></w:r></w:p><w:p wsp:rsidR="00333DD3" wsp:rsidRDefault="00333DD3" wsp:rsidP="00E71CDA"><w:r><w:t>Description: Verify that the rounding bit are working as defined</w:t></w:r></w:p><w:p wsp:rsidR="00CE2A72" wsp:rsidRDefault="00CE2A72" wsp:rsidP="00CE2A72"><w:r><w:t>Priority: 2</w:t></w:r></w:p><w:p wsp:rsidR="00CE2A72" wsp:rsidRDefault="00CE2A72" wsp:rsidP="00CE2A72"><w:r><w:t>Responsible: </w:t></w:r><w:proofErr w:type="spellStart"/><w:r><w:t>JohnL</w:t></w:r><w:proofErr w:type="spellEnd"/></w:p><w:p wsp:rsidR="00333DD3" wsp:rsidRDefault="00333DD3" wsp:rsidP="00E71CDA"><w:r><w:t>Link: </w:t></w:r><w:proofErr w:type="spellStart"/><w:r><w:t>fcoverage</w:t></w:r><w:proofErr w:type="gramStart"/><w:r><w:t>:nanXop</w:t></w:r><w:proofErr w:type="spellEnd"/><w:proofErr w:type="gramEnd"/></w:p><w:p wsp:rsidR="00333DD3" wsp:rsidRDefault="00333DD3" wsp:rsidP="00E71CDA"><w:r><w:t>Type: Cross</w:t></w:r></w:p></wx:sub-section><wx:sub-section><w:p wsp:rsidR="00333DD3" wsp:rsidRDefault="00333DD3" wsp:rsidP="00462125"><w:pPr><w:pStyle w:val="Heading3"/><w:listPr><wx:t wx:val="3.3.2" wx:wTabBefore="0" wx:wTabAfter="165"/><wx:font wx:val="Times New Roman"/></w:listPr></w:pPr><w:r><w:t>Round to nearest even </w:t></w:r></w:p><w:p wsp:rsidR="00333DD3" wsp:rsidRDefault="00333DD3" wsp:rsidP="00E71CDA"><w:r><w:t>Description: Verify that the If the result value is exactly halfway between two infinitely precise results, it is rounded up to the nearest infinitely precise even.</w:t></w:r></w:p><w:p wsp:rsidR="00333DD3" wsp:rsidRDefault="00333DD3" wsp:rsidP="00E71CDA"><w:r><w:t>Priority: 2</w:t></w:r></w:p><w:p wsp:rsidR="00333DD3" wsp:rsidRDefault="00333DD3" wsp:rsidP="00E71CDA"><w:r><w:t>Responsible: </w:t></w:r><w:proofErr w:type="spellStart"/><w:r><w:t>JohnL</w:t></w:r><w:proofErr w:type="spellEnd"/></w:p><w:p wsp:rsidR="00333DD3" wsp:rsidRDefault="00333DD3" wsp:rsidP="00E71CDA"><w:r><w:t>Link: </w:t></w:r><w:proofErr w:type="spellStart"/><w:r><w:t>fcoverage</w:t></w:r><w:proofErr w:type="gramStart"/><w:r><w:t>:round</w:t></w:r><w:proofErr w:type="spellEnd"/><w:proofErr w:type="gramEnd"/></w:p><w:p wsp:rsidR="00333DD3" wsp:rsidRDefault="00333DD3" wsp:rsidP="00333DD3"><w:r><w:t>Type: </w:t></w:r><w:proofErr w:type="spellStart"/><w:r><w:t>CoverPoint</w:t></w:r><w:proofErr w:type="spellEnd"/></w:p></wx:sub-section><wx:sub-section><w:p wsp:rsidR="00333DD3" wsp:rsidRDefault="00333DD3" wsp:rsidP="00462125"><w:pPr><w:pStyle w:val="Heading3"/><w:listPr><wx:t wx:val="3.3.3" wx:wTabBefore="0" wx:wTabAfter="165"/><wx:font wx:val="Times New Roman"/></w:listPr></w:pPr><w:r><w:t>Round-to-Zero </w:t></w:r></w:p><w:p wsp:rsidR="00333DD3" wsp:rsidRDefault="00333DD3" wsp:rsidP="00E71CDA"><w:r><w:t>Description: Verify that the excess bits will simply get truncated</w:t></w:r></w:p><w:p wsp:rsidR="00333DD3" wsp:rsidRDefault="00333DD3" wsp:rsidP="00E71CDA"><w:r><w:t>Priority: 2</w:t></w:r></w:p><w:p wsp:rsidR="00333DD3" wsp:rsidRDefault="00333DD3" wsp:rsidP="00E71CDA"><w:r><w:t>Responsible: </w:t></w:r><w:proofErr w:type="spellStart"/><w:r><w:t>JohnL</w:t></w:r><w:proofErr w:type="spellEnd"/></w:p><w:p wsp:rsidR="00333DD3" wsp:rsidRDefault="00333DD3" wsp:rsidP="00E71CDA"><w:r><w:t>Link: </w:t></w:r><w:proofErr w:type="spellStart"/><w:r><w:t>fcoverage</w:t></w:r><w:proofErr w:type="gramStart"/><w:r><w:t>:round</w:t></w:r><w:proofErr w:type="spellEnd"/><w:proofErr w:type="gramEnd"/></w:p><w:p wsp:rsidR="00333DD3" wsp:rsidRDefault="00333DD3" wsp:rsidP="00E71CDA"><w:r><w:t>Type: </w:t></w:r><w:proofErr w:type="spellStart"/><w:r><w:t>CoverPoint</w:t></w:r><w:proofErr w:type="spellEnd"/></w:p></wx:sub-section><wx:sub-section><w:p wsp:rsidR="00333DD3" wsp:rsidRDefault="00333DD3" wsp:rsidP="00E71CDA"><w:pPr><w:pStyle w:val="Heading3"/><w:listPr><wx:t wx:val="3.3.4" wx:wTabBefore="0" wx:wTabAfter="165"/><wx:font wx:val="Times New Roman"/></w:listPr></w:pPr><w:r><w:t>Round-Up </w:t></w:r></w:p><w:p wsp:rsidR="00333DD3" wsp:rsidRDefault="00333DD3" wsp:rsidP="00E71CDA"><w:r><w:t>Description: Verify that the number will be rounded up towards +</w:t></w:r></w:p><w:p wsp:rsidR="00333DD3" wsp:rsidRDefault="00333DD3" wsp:rsidP="00E71CDA"><w:r><w:t>Priority: 2</w:t></w:r></w:p><w:p wsp:rsidR="00333DD3" wsp:rsidRDefault="00333DD3" wsp:rsidP="00E71CDA"><w:r><w:t>Responsible: </w:t></w:r><w:proofErr w:type="spellStart"/><w:r><w:t>JohnL</w:t></w:r><w:proofErr w:type="spellEnd"/></w:p><w:p wsp:rsidR="00333DD3" wsp:rsidRDefault="00333DD3" wsp:rsidP="00E71CDA"><w:r><w:t>Link: </w:t></w:r><w:proofErr w:type="spellStart"/><w:r><w:t>fcoverage</w:t></w:r><w:proofErr w:type="gramStart"/><w:r><w:t>:round</w:t></w:r><w:proofErr w:type="spellEnd"/><w:proofErr w:type="gramEnd"/></w:p><w:p wsp:rsidR="00333DD3" wsp:rsidRDefault="00333DD3" wsp:rsidP="00333DD3"><w:r><w:t>Type: </w:t></w:r><w:proofErr w:type="spellStart"/><w:r><w:t>CoverPoint</w:t></w:r><w:proofErr w:type="spellEnd"/></w:p></wx:sub-section><wx:sub-section><w:p wsp:rsidR="00333DD3" wsp:rsidRDefault="00333DD3" wsp:rsidP="00DD6BC9"><w:pPr><w:pStyle w:val="Heading3"/><w:listPr><wx:t wx:val="3.3.5" wx:wTabBefore="0" wx:wTabAfter="165"/><wx:font wx:val="Times New Roman"/></w:listPr></w:pPr><w:r><w:t>Round-Down</w:t></w:r></w:p><w:p wsp:rsidR="00333DD3" wsp:rsidRDefault="00333DD3" wsp:rsidP="00E71CDA"><w:r><w:t>Description: Verify that the opposite of round-up, the number will be rounded</w:t></w:r></w:p><w:p wsp:rsidR="00333DD3" wsp:rsidRDefault="00333DD3" wsp:rsidP="00E71CDA"><w:r><w:t>Priority: 2</w:t></w:r></w:p><w:p wsp:rsidR="00333DD3" wsp:rsidRDefault="00333DD3" wsp:rsidP="00E71CDA"><w:r><w:t>Responsible: </w:t></w:r><w:proofErr w:type="spellStart"/><w:r><w:t>JohnL</w:t></w:r><w:proofErr w:type="spellEnd"/></w:p><w:p wsp:rsidR="00333DD3" wsp:rsidRDefault="00333DD3" wsp:rsidP="00E71CDA"><w:r><w:t>Link: </w:t></w:r><w:proofErr w:type="spellStart"/><w:r><w:t>fcoverage</w:t></w:r><w:proofErr w:type="gramStart"/><w:r><w:t>:round</w:t></w:r><w:proofErr w:type="spellEnd"/><w:proofErr w:type="gramEnd"/></w:p><w:p wsp:rsidR="00333DD3" wsp:rsidRDefault="00333DD3" wsp:rsidP="00333DD3"><w:r><w:t>Type: </w:t></w:r><w:proofErr w:type="spellStart"/><w:r><w:t>CoverPoint</w:t></w:r><w:proofErr w:type="spellEnd"/></w:p></wx:sub-section></wx:sub-section><wx:sub-section><w:p wsp:rsidR="00333DD3" wsp:rsidRDefault="00333DD3" wsp:rsidP="00DD6BC9"><w:pPr><w:pStyle w:val="Heading2"/><w:listPr><wx:t wx:val="3.4" wx:wTabBefore="0" wx:wTabAfter="165"/><wx:font wx:val="Times New Roman"/></w:listPr></w:pPr><w:r><w:t>Operations on floating point numbers </w:t></w:r></w:p><w:p wsp:rsidR="00333DD3" wsp:rsidRDefault="00333DD3" wsp:rsidP="00E71CDA"><w:r><w:t>Description: Verify the operations supported</w:t></w:r></w:p><w:proofErr w:type="gramStart"/><w:p wsp:rsidR="00333DD3" wsp:rsidRDefault="00333DD3" wsp:rsidP="00E71CDA"><w:r><w:t>Add </w:t></w:r><w:r wsp:rsidR="00E71CDA"><w:t>,</w:t></w:r><w:proofErr w:type="gramEnd"/><w:r wsp:rsidR="00E71CDA"><w:t> Subtract, Multiply, Divide, </w:t></w:r><w:r><w:t>Square Root</w:t></w:r></w:p><w:p wsp:rsidR="00333DD3" wsp:rsidRDefault="00333DD3" wsp:rsidP="00E71CDA"><w:r><w:t>Priority: 1</w:t></w:r></w:p><w:p wsp:rsidR="00333DD3" wsp:rsidRDefault="00333DD3" wsp:rsidP="00E71CDA"><w:r><w:t>Responsible: </w:t></w:r><w:proofErr w:type="spellStart"/><w:r wsp:rsidR="00C47A24"><w:t>USelf</w:t></w:r><w:proofErr w:type="spellEnd"/></w:p><w:p wsp:rsidR="00333DD3" wsp:rsidRDefault="00333DD3" wsp:rsidP="00E71CDA"><w:r><w:t>Link: </w:t></w:r><w:proofErr w:type="spellStart"/><w:r><w:t>fcoverage</w:t></w:r><w:proofErr w:type="gramStart"/><w:r><w:t>:operation</w:t></w:r><w:proofErr w:type="spellEnd"/><w:proofErr w:type="gramEnd"/></w:p><w:p wsp:rsidR="00333DD3" wsp:rsidRDefault="00333DD3" wsp:rsidP="00333DD3"><w:r><w:t>Type: </w:t></w:r><w:proofErr w:type="spellStart"/><w:r><w:t>CoverPoint</w:t></w:r><w:proofErr w:type="spellEnd"/></w:p></wx:sub-section><wx:sub-section><w:p wsp:rsidR="00333DD3" wsp:rsidRDefault="00333DD3" wsp:rsidP="00DD6BC9"><w:pPr><w:pStyle w:val="Heading2"/><w:listPr><wx:t wx:val="3.5" wx:wTabBefore="0" wx:wTabAfter="165"/><wx:font wx:val="Times New Roman"/></w:listPr></w:pPr><w:r><w:t>Operations followed by a Operations</w:t></w:r></w:p><w:p wsp:rsidR="00333DD3" wsp:rsidRDefault="00333DD3" wsp:rsidP="00275DB2"><w:r><w:t>Description: Verify that an operation can be followed with all others</w:t></w:r></w:p><w:p wsp:rsidR="00994D6C" wsp:rsidRDefault="00994D6C" wsp:rsidP="00994D6C"><w:r><w:t>Priority: 1</w:t></w:r></w:p><w:p wsp:rsidR="00994D6C" wsp:rsidRDefault="00994D6C" wsp:rsidP="00994D6C"><w:r><w:t>Responsible: </w:t></w:r><w:proofErr w:type="spellStart"/><w:r wsp:rsidR="00C47A24"><w:t>USelf</w:t></w:r><w:proofErr w:type="spellEnd"/></w:p><w:p wsp:rsidR="00333DD3" wsp:rsidRDefault="00333DD3" wsp:rsidP="00275DB2"><w:r><w:t>Link: fcoverage</w:t></w:r><w:proofErr w:type="gramStart"/><w:r><w:t>:N2N</w:t></w:r><w:proofErr w:type="gramEnd"/><w:r><w:t>_operations</w:t></w:r></w:p><w:p wsp:rsidR="00333DD3" wsp:rsidRDefault="00333DD3" wsp:rsidP="00275DB2"><w:r><w:t>Type: Cross</w:t></w:r></w:p></wx:sub-section></wx:sub-section><wx:sub-section><w:p wsp:rsidR="00333DD3" wsp:rsidRDefault="00333DD3" wsp:rsidP="0058202B"><w:pPr><w:pStyle w:val="Heading1"/><w:listPr><wx:t wx:val="4" wx:wTabBefore="0" wx:wTabAfter="255"/><wx:font wx:val="Times New Roman"/></w:listPr></w:pPr><w:r><w:t>Pipeline</w:t></w:r></w:p><w:p wsp:rsidR="007B4312" wsp:rsidRDefault="007B4312" wsp:rsidP="007B4312"><w:r><w:t>Priority: 2</w:t></w:r></w:p><w:p wsp:rsidR="007B4312" wsp:rsidRPr="007B4312" wsp:rsidRDefault="00C46BB6" wsp:rsidP="007B4312"><w:r><w:t>Responsible: </w:t></w:r><w:proofErr w:type="spellStart"/><w:r><w:t>Chuck</w:t></w:r><w:r wsp:rsidR="007B4312"><w:t>S</w:t></w:r><w:proofErr w:type="spellEnd"/></w:p><wx:sub-section><w:p wsp:rsidR="00333DD3" wsp:rsidRDefault="00333DD3" wsp:rsidP="00DD6BC9"><w:pPr><w:pStyle w:val="Heading2"/><w:listPr><wx:t wx:val="4.1" wx:wTabBefore="0" wx:wTabAfter="165"/><wx:font wx:val="Times New Roman"/></w:listPr></w:pPr><w:r><w:t>Operation delay</w:t></w:r></w:p><w:p wsp:rsidR="00333DD3" wsp:rsidRDefault="00333DD3" wsp:rsidP="00275DB2"><w:r><w:t>Description: Verify the pipelined spec:</w:t></w:r><w:r wsp:rsidR="00994D6C"><w:t> Addition</w:t></w:r><w:r><w:t> 7 </w:t></w:r><w:proofErr w:type="spellStart"/><w:r><w:t>clks</w:t></w:r><w:proofErr w:type="spellEnd"/><w:r wsp:rsidR="00994D6C"><w:t>, Subtraction</w:t></w:r><w:r><w:t> 7 </w:t></w:r><w:proofErr w:type="spellStart"/><w:r><w:t>clks</w:t></w:r><w:proofErr w:type="spellEnd"/><w:r wsp:rsidR="00994D6C"><w:t> and Multiplication</w:t></w:r><w:r><w:t> 12 </w:t></w:r><w:proofErr w:type="spellStart"/><w:r><w:t>clks</w:t></w:r><w:proofErr w:type="spellEnd"/><w:r wsp:rsidR="00994D6C"><w:t>, Division</w:t></w:r><w:r><w:t> 35 </w:t></w:r><w:proofErr w:type="spellStart"/><w:r><w:t>clks</w:t></w:r><w:proofErr w:type="spellEnd"/><w:r wsp:rsidR="00994D6C"><w:t> and Square-root</w:t></w:r><w:r><w:t> 35 </w:t></w:r><w:proofErr w:type="spellStart"/><w:r><w:t>clks</w:t></w:r><w:proofErr w:type="spellEnd"/><w:r wsp:rsidR="00497E1E"><w:t> hardware</w:t></w:r><w:r><w:t> page 16"</w:t></w:r></w:p><w:p wsp:rsidR="00333DD3" wsp:rsidRDefault="00333DD3" wsp:rsidP="00275DB2"><w:r><w:t>Link: covered_*_delay</w:t></w:r></w:p><w:p wsp:rsidR="00333DD3" wsp:rsidRDefault="00333DD3" wsp:rsidP="00275DB2"><w:r><w:t>Type: Directive</w:t></w:r></w:p><w:proofErr w:type="spellStart"/><w:p wsp:rsidR="00333DD3" wsp:rsidRDefault="00C53825" wsp:rsidP="00C46BB6"><w:r><w:t>ResponseChecking</w:t></w:r><w:proofErr w:type="spellEnd"/><w:r wsp:rsidR="00333DD3"><w:t>: Assertions on pin interfaces</w:t></w:r></w:p><w:p wsp:rsidR="00333DD3" wsp:rsidRDefault="00333DD3" wsp:rsidP="00275DB2"><w:r><w:t>Priority: 2</w:t></w:r></w:p><w:p wsp:rsidR="00333DD3" wsp:rsidRDefault="00C46BB6" wsp:rsidP="00333DD3"><w:r><w:t>Responsible: </w:t></w:r><w:proofErr w:type="spellStart"/><w:r><w:t>Chuck</w:t></w:r><w:r wsp:rsidR="00333DD3"><w:t>S</w:t></w:r><w:proofErr w:type="spellEnd"/></w:p></wx:sub-section></wx:sub-section><wx:sub-section><w:p wsp:rsidR="00333DD3" wsp:rsidRDefault="00333DD3" wsp:rsidP="0058202B"><w:pPr><w:pStyle w:val="Heading1"/><w:listPr><wx:t wx:val="5" wx:wTabBefore="0" wx:wTabAfter="255"/><wx:font wx:val="Times New Roman"/></w:listPr></w:pPr><w:r><w:t>Pin interface</w:t></w:r></w:p><w:p wsp:rsidR="00B83258" wsp:rsidRDefault="00B83258" wsp:rsidP="00B83258"><w:r><w:t>Priority: 2</w:t></w:r></w:p><w:p wsp:rsidR="00B83258" wsp:rsidRPr="00B83258" wsp:rsidRDefault="00C46BB6" wsp:rsidP="00B83258"><w:r><w:t>Responsible: </w:t></w:r><w:proofErr w:type="spellStart"/><w:r><w:t>Chuck</w:t></w:r><w:r wsp:rsidR="00B83258"><w:t>S</w:t></w:r><w:proofErr w:type="spellEnd"/></w:p><wx:sub-section><w:p wsp:rsidR="00333DD3" wsp:rsidRDefault="00333DD3" wsp:rsidP="00DD6BC9"><w:pPr><w:pStyle w:val="Heading2"/><w:listPr><wx:t wx:val="5.1" wx:wTabBefore="0" wx:wTabAfter="165"/><wx:font wx:val="Times New Roman"/></w:listPr></w:pPr><w:r><w:t>Valid </w:t></w:r><w:r wsp:rsidR="000C3A98"><w:t>operation codes </w:t></w:r><w:r><w:t>on pins</w:t></w:r></w:p><w:p wsp:rsidR="00333DD3" wsp:rsidRDefault="00333DD3" wsp:rsidP="00275DB2"><w:r><w:t>Description: Verify the pin if:</w:t></w:r></w:p><w:proofErr w:type="spellStart"/><w:proofErr w:type="gramStart"/><w:p wsp:rsidR="00333DD3" wsp:rsidRDefault="00333DD3" wsp:rsidP="00275DB2"><w:r><w:t>fpu_op_i</w:t></w:r><w:proofErr w:type="spellEnd"/><w:proofErr w:type="gramEnd"/><w:r><w:t> always have legal values x0 -&gt; x4 hardware, page 17""</w:t></w:r></w:p><w:proofErr w:type="spellStart"/><w:p wsp:rsidR="00E00B39" wsp:rsidRDefault="00C53825" wsp:rsidP="00E00B39"><w:r><w:t>ResponseChecking</w:t></w:r><w:proofErr w:type="spellEnd"/><w:r wsp:rsidR="00E00B39"><w:t>: Assertions on pin interfaces</w:t></w:r></w:p><w:p wsp:rsidR="00424752" wsp:rsidRDefault="00424752" wsp:rsidP="00424752"><w:r><w:t>Priority: 2</w:t></w:r></w:p><w:p wsp:rsidR="00424752" wsp:rsidRDefault="00C46BB6" wsp:rsidP="00424752"><w:r><w:t>Responsible: </w:t></w:r><w:proofErr w:type="spellStart"/><w:r><w:t>Chuck</w:t></w:r><w:r wsp:rsidR="00424752"><w:t>S</w:t></w:r><w:proofErr w:type="spellEnd"/></w:p><w:p wsp:rsidR="00333DD3" wsp:rsidRDefault="00333DD3" wsp:rsidP="00275DB2"><w:r><w:t>Link: </w:t></w:r><w:proofErr w:type="spellStart"/><w:r><w:t>covered_opcode</w:t></w:r><w:proofErr w:type="spellEnd"/></w:p><w:p wsp:rsidR="00333DD3" wsp:rsidRDefault="00333DD3" wsp:rsidP="00275DB2"><w:r><w:t>Type: Directive</w:t></w:r></w:p></wx:sub-section><wx:sub-section><w:p wsp:rsidR="00333DD3" wsp:rsidRDefault="00333DD3" wsp:rsidP="00DD6BC9"><w:pPr><w:pStyle w:val="Heading2"/><w:listPr><wx:t wx:val="5.2" wx:wTabBefore="0" wx:wTabAfter="165"/><wx:font wx:val="Times New Roman"/></w:listPr></w:pPr><w:r><w:t>Code Coverage</w:t></w:r></w:p><w:p wsp:rsidR="00333DD3" wsp:rsidRDefault="00333DD3" wsp:rsidP="00275DB2"><w:r><w:t>Description: Ensure that all design units have 100% statement coverage</w:t></w:r><w:r wsp:rsidR="00CE2A72"><w:t> and </w:t></w:r><w:r><w:t>100% branch coverage</w:t></w:r></w:p><w:p wsp:rsidR="00CE2A72" wsp:rsidRDefault="00CE2A72" wsp:rsidP="00CE2A72"><w:r><w:t>Priority: 1</w:t></w:r></w:p><w:p wsp:rsidR="00CE2A72" wsp:rsidRDefault="00CE2A72" wsp:rsidP="00CE2A72"><w:r><w:t>Responsible: </w:t></w:r><w:proofErr w:type="spellStart"/><w:r wsp:rsidR="00C47A24"><w:t>USelf</w:t></w:r><w:proofErr w:type="spellEnd"/></w:p><w:p wsp:rsidR="00333DD3" wsp:rsidRDefault="00333DD3" wsp:rsidP="00275DB2"><w:r><w:t>Link: /top/</w:t></w:r><w:proofErr w:type="spellStart"/><w:r><w:t>fpu_dut</w:t></w:r><w:proofErr w:type="spellEnd"/><w:r><w:t>/*</w:t></w:r></w:p><w:p wsp:rsidR="00333DD3" wsp:rsidRDefault="00333DD3" wsp:rsidP="00275DB2"><w:r><w:t>Type: Instance</w:t></w:r></w:p><w:sectPr wsp:rsidR="00333DD3" wsp:rsidSect="002761DD"><w:pgSz w:w="12240" w:h="15840"/><w:pgMar w:top="1440" w:right="1800" w:bottom="1440" w:left="1800" w:header="720" w:footer="720" w:gutter="0"/><w:cols w:space="720"/><w:docGrid w:line-pitch="360"/></w:sectPr></wx:sub-section></wx:sub-section></wx:sect></w:body></w:wordDocument>